交易日期,交易时间,摘要,地区,收入/支出金额,余额,对方户名,对方账号,渠道
2026-01-04,14:05:13,银联入账,,+700.00,"1,174,787.92",杨为唯,2088****0156,网上银行
2026-01-04,14:05:13,支付宝转账,1001,+625.00,"1,175,412.92",王天乐,2088****0156,快捷支付
2026-01-05,09:40:43,银联入账,1001,+800.00,"1,178,087.92",李莹,2088****0156,网上银行
2026-01-05,10:14:16,银联入账,1001,+625.00,"1,204,142.92",吴婉莹,2088****0156,网上银行
2026-01-05,10:15:44,银联入账,1001,"+2,600.00","1,206,742.92",陈志花,2088****0156,网上银行
2026-01-05,11:07:57,网转,1202,"+1,440.00","1,208,182.92",姜卉娟,6222021202047574745,手机银行
2026-01-05,14:05:13,他行汇入,1001,"+1,875.00","1,177,287.92",吴诗隽,6214861912322777,其他
2026-01-05,14:35:10,银联入账,1001,+900.00,"1,209,082.92",廖蓉蓉,2088****0156,网上银行
2026-01-05,14:39:17,他行汇入,1001,"+1,350.00","1,210,432.92",林洁娴,6214865920330615,其他
2026-01-05,14:54:22,银联入账,1001,"+1,400.00","1,179,487.92",严笑凯,2088****0156,网上银行
2026-01-05,15:13:06,银联入账,1001,"+2,375.00","1,181,862.92",吴婉莹,6217****4070,网上银行
2026-01-05,16:31:02,银联入账,1001,"+1,500.00","1,183,362.92",吴婉莹,6217****4070,网上银行
2026-01-05,16:31:57,支付宝转账,1001,"+1,075.00","1,184,437.92",吴婉莹,2088****0156,快捷支付
2026-01-05,16:31:57,,1001,"+2,700.00","1,187,137.92",吴婉莹,,
2026-01-05,16:31:57,支付宝转账,1001,"+3,980.00","1,191,117.92",吴婉莹,2088****0156,快捷支付
2026-01-05,16:31:57,网转,1102,"+1,740.00","1,192,857.92",宿康娜,6212261102037834333,手机银行
2026-01-05,17:09:49,银联入账,1001,"+1,350.00","1,194,207.92",黄欢芹,2088****0156,网上银行
2026-01-05,17:26:56,网转,0302,+875.00,"1,197,112.92",活期人民,,
2026-01-05,17:34:41,银联入账,1001,"+1,610.00","1,198,722.92",王鑫,2088****0156,快捷支付
2026-01-05,17:34:41,银联入账,,+350.00,"1,199,072.92",柳瑾菲,2088****0156,网上银行
2026-01-05,17:45:37,网转,2002,+525.00,"1,199,597.92",蔡晓霞,6212252002001520846,手机银行
2026-01-05,18:01:02,支付宝转账,1001,"+1,500.00","1,201,097.92",余美坚,2088****0156,快捷支付
2026-01-05,18:01:02,银联入账,1001,+250.00,"1,201,347.92",李娜燕,2088****0156,网上银行
2026-01-06,15:43:54,他行汇入,,+450.00,"1,210,882.92",胡元萌,6217560800019205060,其他
2026-01-06,15:43:54,他行汇入,1001,+450.00,"1,211,332.92",胡元萌,6230666531012655268,其他
2026-01-06,15:46:25,他行汇入,1001,+340.00,"1,211,672.92",江小凤,6217001830006174059,其他
2026-01-06,16:00:03,他行汇入,1001,+840.00,"1,212,512.92",郭雅杰,2088****0156,快捷支付
2026-01-06,16:00:03,银联入账,1001,+360.00,"1,212,872.92",孙秀丽,6222****2898,网上银行
2026-01-06,16:07:59,支付宝转账,1001,+320.00,"1,213,192.92",曹思明,2088****0156,快捷支付
2026-01-06,16:10:41,他行汇入,1001,+665.00,"1,213,857.92",郜阳,6214835715388565,其他
2026-01-06,16:14:22,他行汇入,1001,+500.00,"1,214,357.92",詹益贵,6216697000031672227,其他
2026-01-06,16:16:22,网转,1702,"+1,350.00","1,215,707.92",何欣,,
2026-01-06,16:23:57,支付宝转账,1001,"+1,250.00","1,216,957.92",吴凤依,2088****0156,快捷支付
2026-01-06,16:23:57,支付宝,1001,"+1,710.00","1,218,667.92",郑岚,2088****0156,快捷支付
2026-01-06,16:24:03,他行汇入,1001,"+3,000.00","1,221,667.92",张越淇,6217560800042390012,其他
2026-01-06,16:25:11,他行汇入,1001,+510.00,"1,222,897.92",其他,,
2026-01-06,16:30:56,支付宝,1001,+780.00,"1,223,677.92",陈丹丹,2088****0156,快捷支付
2026-01-06,16:30:56,支付宝,,+960.00,"1,224,637.92",江慧,2088****0156,快捷支付
2026-01-06,16:30:56,他行汇入,1001,+990.00,"1,225,627.92",吴军吉,6214835762486726,其他
2026-01-06,17:36:35,他行汇入,1001,"+1,024.00","1,226,651.92",刘壬婕,6228480039168859476,其他
2026-01-06,18:02:02,支付宝转账,1001,"+1,140.00","1,227,791.92",陈茗蓉,2088****0156,快捷支付
2026-01-06,18:06:32,他行汇入,1001,"+2,700.00","1,232,441.92",林凌,6217582600003672539,其他
2026-01-06,18:20:30,他行汇入,1001,"+2,560.00","1,235,001.92",王晨欣,2088****0156,快捷支付
2026-01-06,18:20:30,网转,4301,"+2,050.00","1,237,051.92",索瑞阳,6222034301005035676,手机银行
2026-01-06,18:43:06,支付宝,1001,+960.00,"1,238,011.92",赵华,2088****0156,快捷支付
2026-01-06,18:43:06,他行汇入,1001,"+1,350.00","1,239,361.92",张利雯,4563518003008218036,其他
2026-01-06,19:45:00,银联入账,,+450.00,"1,239,811.92",赵星宇,2088****0156,网上银行
2026-01-06,19:45:00,银联入账,1001,"+1,347.50","1,241,159.42",阳健,2088****0156,网上银行
2026-01-06,20:22:17,支付宝,1001,+840.00,"1,241,999.42",葛芳,2088****0156,快捷支付
2026-01-07,00:55:34,银联入账,1001,"+1,890.00","1,244,764.42",赵华,2088****0156,网上银行
2026-01-07,09:00:04,他行汇入,1001,"+1,949.00","1,246,713.42",何雨露,6214850286433807,其他
2026-01-07,09:50:32,他行汇入,1001,"+1,400.00","1,248,113.42",董晨晨,6666666043267863,其他
2026-01-07,09:55:05,银联入账,1001,+660.00,"1,248,773.42",俞昂辰,2088****0156,网上银行
2026-01-07,10:28:29,网转,3100,"+2,250.00","1,251,023.42",常蕊,,
2026-01-07,10:35:29,银联入账,1001,"+1,050.00","1,252,073.42",郝岳鹏翔,2088****0156,网上银行
2026-01-07,11:01:22,银联入账,1001,+750.00,"1,252,823.42",王天,2088****0156,网上银行
2026-01-07,11:50:53,他行汇入,1001,+960.00,"1,253,783.42",厉嘉欣,6217880800006889556,其他
2026-01-07,11:58:14,银联入账,1001,+800.00,"1,255,783.42",活期人民,,
2026-01-07,12:00:35,银联入账,1001,+570.00,"1,256,353.42",尹浩月,2088****0156,网上银行
2026-01-07,12:06:42,网转,,"+1,050.00","1,257,403.42",宋雅,6222021001132514412,手机银行
2026-01-07,12:24:33,银联入账,1001,"+2,277.00","1,259,680.42",郑明杰,2088****0156,网上银行
2026-01-07,13:03:40,他行汇入,1001,"+1,200.00","1,260,880.42",黄莞歆,6236681450006109471,其他
2026-01-07,15:41:06,他行汇入,1001,"+5,400.00","1,266,280.42",周美瑶,6217567600030892521,其他
2026-01-07,16:48:43,支付宝转账,1001,"+1,500.00","1,281,315.42",吴婉莹,2088****0156,快捷支付
2026-01-07,17:11:18,他行汇入,1001,+540.00,"1,274,020.42",覃宣宁,2088****0156,快捷支付
2026-01-07,17:11:18,他行汇入,1001,"+2,875.00","1,276,895.42",严竑博,6221805200042524107,其他
2026-01-07,19:02:00,他行汇入,1001,"+1,290.00","1,278,185.42",朱爽爽,6214855712354139,其他
2026-01-07,20:17:30,银联入账,1001,"+1,630.00","1,279,815.42",吴婉莹,2088****0156,网上银行
2026-01-07,20:22:17,网转,3602,+875.00,"1,242,874.42",麦颖欣,6212263602124675620,手机银行
2026-01-08,16:49:52,支付宝转账,,"+1,800.00","1,283,115.42",吴婉莹,2088****0156,快捷支付
2026-01-08,16:49:52,支付宝转账,1001,"+2,749.00","1,285,864.42",吴婉莹,2088****0156,快捷支付
2026-01-08,16:49:52,支付宝转账,1001,"+1,510.00","1,287,374.42",吴婉莹,2088****0156,快捷支付
2026-01-08,16:49:52,支付宝转账,1001,+556.25,"1,287,930.67",吴婉莹,2088****0156,快捷支付
2026-01-08,16:49:52,支付宝转账,1001,"+2,125.00","1,290,055.67",吴婉莹,2088****0156,快捷支付
2026-01-08,16:49:52,支付宝转账,1001,"+3,200.00","1,293,255.67",吴婉莹,2088****0156,快捷支付
2026-01-08,16:56:20,银联入账,1001,"+3,560.00","1,296,815.67",吴婉莹,2088****0156,网上银行
2026-01-08,16:56:50,支付宝转账,1001,"+3,300.00","1,300,115.67",吴婉莹,2088****0156,快捷支付
2026-01-08,16:56:50,,1001,"+1,036.75","1,301,152.42",吴婉莹,,
2026-01-08,16:56:50,支付宝转账,1001,"+2,960.00","1,304,112.42",吴婉莹,2088****0156,快捷支付
2026-01-08,16:56:50,支付宝转账,1001,"+1,326.88","1,305,439.30",吴婉莹,2088****0156,快捷支付
2026-01-08,16:58:11,支付宝转账,1001,"+2,835.00","1,308,274.30",吴婉莹,2088****0156,快捷支付
2026-01-08,16:58:47,支付宝转账,1001,"+2,525.00","1,313,439.30",活期人民,,
2026-01-08,16:58:47,银联入账,1001,"+2,192.00","1,315,631.30",吴婉莹,2088****0156,快捷支付
2026-01-08,16:58:47,银联入账,,"+1,260.00","1,316,891.30",史晓琦,2088****0156,网上银行
2026-01-09,08:32:55,银联入账,1001,+950.00,"1,380,210.90",劳海萍,2088****0156,网上银行
2026-01-09,10:10:43,银联入账,1001,+540.00,"1,317,431.30",李新,2088****0156,网上银行
2026-01-09,10:10:58,他行汇入,1001,+240.00,"1,317,671.30",李笑言,6217880800005705993,其他
2026-01-09,10:11:49,银联入账,1001,+315.00,"1,317,986.30",张翠花,2088****0156,网上银行
2026-01-09,10:15:58,他行汇入,1001,+285.00,"1,319,041.30",朱靓,6230910199049722917,其他
2026-01-09,10:17:01,他行汇入,1001,+660.00,"1,319,701.30",涂柳,6217995840008731473,其他
2026-01-09,10:20:12,网转,4100,+600.00,"1,320,301.30",陈盈,6212264100033904404,手机银行
2026-01-09,10:25:41,网转,0200,"+5,100.00","1,325,401.30",陆天,6212260200005770116,手机银行
2026-01-09,10:29:52,他行汇入,1001,"+2,340.00","1,327,741.30",齐岩,6214855325337505,其他
2026-01-09,10:39:53,他行汇入,,+195.00,"1,327,936.30",袁玲,6228480020352536914,其他
2026-01-09,10:39:53,他行汇入,1001,"+3,240.00","1,331,176.30",姜楠,6214850205931931,其他
2026-01-09,10:51:10,银联入账,1001,"+2,975.00","1,334,151.30",杜珊珊,2088****0156,网上银行
2026-01-09,11:17:54,他行汇入,1001,"+1,800.00","1,335,951.30",秦海燕,6222621020020987609,其他
2026-01-09,11:41:55,银联入账,1001,+600.00,"1,380,810.90",林淑娟,2088****0156,快捷支付
2026-01-09,11:41:55,支付宝转账,1001,+900.00,"1,381,710.90",黄非易,2088****0156,快捷支付
2026-01-09,11:41:55,他行汇入,1001,"+1,440.00","1,383,150.90",叶昕,6217002580008886312,其他
2026-01-09,14:22:07,银联入账,1001,"+2,200.00","1,338,151.30",林恬然,2088****0156,网上银行
2026-01-09,14:28:49,银联入账,1001,+495.00,"1,338,646.30",莫慧琴,2088****0156,网上银行
2026-01-09,14:49:11,银联入账,1001,"+1,500.00","1,340,146.30",唐丽雯,1197****8685,网上银行
2026-01-09,14:50:14,他行汇入,1001,"+1,048.20","1,341,194.50",林姝男,6236680860000079580,其他
2026-01-09,14:52:19,他行汇入,1001,+300.00,"1,341,494.50",沈佳辉,,
2026-01-09,15:01:17,银联入账,1001,+690.00,"1,342,184.50",汪娜,2088****0156,网上银行
2026-01-09,15:04:23,银联入账,1001,"+2,064.00","1,344,248.50",姚莹莹,6033****1068,网上银行
2026-01-09,15:19:57,支付宝,1001,"+1,650.00","1,345,898.50",龚雪,2088****0156,快捷支付
2026-01-09,15:19:57,他行汇入,1001,+450.00,"1,347,248.50",其他,,
2026-01-09,15:40:51,他行汇入,1001,"+1,260.00","1,348,508.50",刘益苏,2088****0156,快捷支付
2026-01-09,15:40:51,他行汇入,,+900.00,"1,349,408.50",石小雪,6230523460034124470,其他
2026-01-09,15:41:37,他行汇入,1001,+600.00,"1,350,008.50",罗娟,6236682920003437884,其他
2026-01-09,15:47:28,他行汇入,1001,+500.00,"1,350,508.50",王凤,6217003660001531757,其他
2026-01-09,15:47:49,支付宝转账,1001,+180.00,"1,350,688.50",邓洁敏,2088****0156,快捷支付
2026-01-09,15:50:46,银联入账,1001,"+1,925.00","1,353,117.50",邵淑宜,2088****0156,网上银行
2026-01-09,15:51:32,银联入账,1001,"+1,500.00","1,354,617.50",王梦玲,2088****0156,快捷支付
2026-01-09,15:51:32,他行汇入,1001,"+2,400.00","1,357,017.50",李琴,6217003230053115444,其他
2026-01-09,15:57:16,支付宝,1001,"+1,260.00","1,358,277.50",李琴,2088****0156,快捷支付
2026-01-09,15:57:16,银联入账,1001,+675.00,"1,358,952.50",赵若廷,6214****0626,网上银行
2026-01-09,16:17:02,支付宝转账,,+450.00,"1,359,402.50",邹可涵,2088****0156,快捷支付
2026-01-09,16:17:02,他行汇入,1001,+750.00,"1,360,152.50",何颖,6225212003415665,其他
2026-01-09,16:20:26,支付宝转账,1001,+625.00,"1,360,777.50",方鸣轩,2088****0156,快捷支付
2026-01-09,16:20:26,网转,4000,"+3,150.00","1,363,927.50",林泽航,6212264000056930049,手机银行
2026-01-09,16:33:13,他行汇入,1001,+750.00,"1,364,677.50",袁玲,6228480020352536914,其他
2026-01-09,16:45:58,支付宝转账,1001,+425.00,"1,383,575.90",蔡维佳,2088****0156,快捷支付
2026-01-09,16:46:34,银联入账,1001,+600.00,"1,365,277.50",周家琦,2088****0156,网上银行
2026-01-09,16:46:42,他行汇入,1001,"+1,140.00","1,366,417.50",孙瑶,6214830253428733,其他
2026-01-09,17:00:42,支付宝转账,1001,+875.00,"1,367,292.50",路颖颖,2088****0156,快捷支付
2026-01-09,17:00:42,他行汇入,1001,+587.40,"1,367,879.90",刘圆,,
2026-01-09,17:21:00,网转,4402,+690.00,"1,368,569.90",张琳,6212264402027769631,手机银行
2026-01-09,17:31:06,他行汇入,1001,"+1,050.00","1,369,619.90",黎美玲,6217002020032073843,其他
2026-01-09,17:36:13,他行汇入,1001,+630.00,"1,370,249.90",汪会敏,6228480039349646370,其他
2026-01-09,17:44:05,他行汇入,1001,"+1,475.00","1,372,324.90",其他,,
2026-01-09,18:24:28,银联入账,1001,+136.00,"1,372,460.90",陈晓静,2088****0156,网上银行
2026-01-09,18:27:22,支付宝,,"+1,500.00","1,373,960.90",郭悦,2088****0156,快捷支付
2026-01-09,18:27:22,支付宝转账,1001,+800.00,"1,374,760.90",黄兆礼,2088****0156,快捷支付
2026-01-09,18:27:22,他行汇入,1001,+450.00,"1,375,210.90",叶雨欣,6217566200023352137,其他
2026-01-09,21:53:14,支付宝转账,1001,+550.00,"1,375,760.90",黄梓琪,2088****0156,快捷支付
2026-01-12,09:35:28,银联入账,,"+1,140.00","1,384,715.90",董晨晨,2088****0156,网上银行
2026-01-12,09:35:28,银联入账,1001,+510.00,"1,385,225.90",林小凤,2088****0156,网上银行
2026-01-12,10:25:22,银联入账,1001,"+1,080.00","1,386,305.90",谢青青,2088****0156,网上银行
2026-01-12,10:25:56,他行汇入,1001,"+1,140.00","1,387,445.90",任继玲,6216696200027203364,其他
2026-01-12,10:26:38,他行汇入,1001,+288.00,"1,387,733.90",刘书彦,6230520340011553375,其他
2026-01-12,10:27:37,银联入账,1001,"+1,125.00","1,388,858.90",许钧泰,2088****0156,网上银行
2026-01-12,10:35:00,银联入账,1001,"+2,340.00","1,391,198.90",李雪,2088****0156,网上银行
2026-01-12,10:44:06,银联入账,1001,"+3,500.00","1,394,698.90",吕玉婷,2088****0156,网上银行
2026-01-12,11:55:27,银联入账,1001,+350.00,"1,395,048.90",史瑞钰,,
2026-01-12,12:11:26,银联入账,1001,"+1,302.50","1,396,351.40",刘聪,6230****0784,网上银行
2026-01-12,12:42:59,银联入账,1001,+540.00,"1,396,891.40",陈伟琼,2088****0156,网上银行
2026-01-13,11:27:59,他行汇入,1001,+875.00,"1,399,386.40",其他,,
2026-01-13,13:31:14,他行汇入,1001,+238.00,"1,399,624.40",张雅静,6222620930006425732,其他
2026-01-13,13:44:56,他行汇入,,"+1,680.00","1,401,304.40",翟雅倩,6214836210712648,其他
2026-01-13,13:46:23,支付宝转账,1001,"+2,830.00","1,404,134.40",吴婉莹,2088****0156,快捷支付
2026-01-13,13:46:23,网转,1106,+300.00,"1,404,434.40",刘慧,6222021106001834229,手机银行
2026-01-13,14:06:27,银联入账,1001,+120.00,"1,397,011.40",马丽婷,2088****0156,网上银行
2026-01-13,15:18:29,银联入账,1001,+300.00,"1,404,734.40",贺润芝,6214****9283,网上银行
2026-01-13,16:22:58,银联入账,1001,"+2,000.00","1,408,484.40",吴婉莹,2088****0156,快捷支付
2026-01-13,16:22:58,银联入账,1001,"+1,875.00","1,410,359.40",吴婉莹,2088****0156,网上银行
2026-01-13,16:54:57,支付宝转账,1001,"+6,500.00","1,416,859.40",吴婉莹,2088****0156,快捷支付
2026-01-13,16:54:57,支付宝转账,1001,"+1,424.00","1,418,283.40",吴婉莹,2088****0156,快捷支付
2026-01-13,16:54:57,银联入账,1001,"+3,000.00","1,421,283.40",吴婉莹,2088****0156,网上银行
2026-01-13,17:15:46,支付宝转账,,"+3,000.00","1,424,283.40",吴婉莹,2088****0156,快捷支付
2026-01-13,17:15:46,支付宝转账,1001,"+5,250.00","1,429,533.40",吴婉莹,2088****0156,快捷支付
2026-01-13,17:15:46,支付宝转账,1001,"+2,375.00","1,431,908.40",吴婉莹,2088****0156,快捷支付
2026-01-13,17:15:46,支付宝转账,1001,"+1,750.00","1,433,658.40",吴婉莹,2088****0156,快捷支付
2026-01-13,17:15:46,支付宝转账,1001,"+1,159.75","1,434,818.15",吴婉莹,2088****0156,快捷支付
2026-01-13,17:15:46,支付宝转账,1001,"+1,500.00","1,436,318.15",吴婉莹,2088****0156,快捷支付
2026-01-13,17:20:55,他行汇入,1001,"+3,750.00","1,440,068.15",李丹丹,6228482678430054172,其他
2026-01-14,12:05:34,,1001,+30.00,"1,441,568.15",伍婷婷,,
2026-01-14,12:05:34,银联入账,1001,+375.00,"1,441,943.15",薛晓仪,2088****0156,网上银行
2026-01-14,14:00:10,银联入账,1001,+580.00,"1,442,523.15",许志英,2088****0156,网上银行
2026-01-14,14:34:16,银联入账,1001,"+1,580.00","1,444,103.15",许志英,2088****0156,网上银行
2026-01-14,14:35:04,银联入账,1001,"+3,000.00","1,450,463.15",活期人民,,
2026-01-14,14:35:29,银联入账,1001,"+1,875.00","1,452,338.15",许志英,2088****0156,网上银行
2026-01-14,14:35:47,银联入账,,"+1,000.00","1,453,338.15",许志英,2088****0156,网上银行
2026-01-14,14:36:07,银联入账,1001,"+2,400.00","1,455,738.15",许志英,2088****0156,网上银行
2026-01-14,14:36:45,银联入账,1001,"+3,600.00","1,459,338.15",许志英,2088****0156,网上银行
2026-01-14,14:37:07,他行汇入,1001,+300.00,"1,459,638.15",关志伟,6216910304705608,其他
2026-01-14,15:21:21,网转,3400,"+1,050.00","1,460,848.15",李淑贞,6215583400004643602,手机银行
2026-01-14,15:32:56,他行汇入,1001,+600.00,"1,461,448.15",严竑博,6221805200042524107,其他
2026-01-14,17:05:42,他行汇入,1001,"+1,050.00","1,462,498.15",郑佳璐,6214857719812457,其他
2026-01-14,18:04:50,支付宝转账,1001,"+1,290.00","1,463,788.15",杨小玲,2088****0156,快捷支付
2026-01-14,18:04:50,银联入账,1001,"+1,140.00","1,464,928.15",杨小玲,2088****0156,网上银行
2026-01-14,18:35:19,支付宝转账,,"+1,400.00","1,466,328.15",杨小玲,2088****0156,快捷支付
2026-01-14,18:35:19,他行汇入,1001,"+1,020.00","1,467,348.15",姚澜,6228480639167822878,其他
2026-01-14,20:54:03,银联入账,1001,"+1,470.00","1,441,538.15",林佳慧,2088****0156,网上银行
2026-01-15,10:16:44,银联入账,1001,"+1,063.25","1,469,011.40",吴婉莹,2088****0156,网上银行
2026-01-15,14:22:20,银联入账,1001,"+2,331.00","1,471,342.40",吴婉莹,2088****0156,网上银行
2026-01-15,14:22:42,银联入账,1001,"+2,861.00","1,474,203.40",吴婉莹,2088****0156,网上银行
2026-01-15,14:23:06,银联入账,1001,+755.00,"1,474,958.40",吴婉莹,2088****0156,网上银行
2026-01-15,14:23:29,银联入账,1001,"+1,200.00","1,476,158.40",吴婉莹,2088****0156,网上银行
2026-01-15,14:23:46,银联入账,1001,"+2,310.25","1,478,468.65",活期人民,,
2026-01-15,14:24:15,银联入账,1001,"+3,925.00","1,482,393.65",吴婉莹,2088****0156,网上银行
2026-01-15,14:24:49,银联入账,1001,"+1,840.25","1,484,233.90",吴婉莹,2088****0156,网上银行
2026-01-15,14:25:21,银联入账,1001,"+2,160.00","1,486,393.90",吴婉莹,2088****0156,网上银行
2026-01-15,14:26:20,银联入账,1001,+722.00,"1,488,807.53",活期人民,,
2026-01-15,14:26:40,银联入账,1001,"+2,045.00","1,490,852.53",吴婉莹,2088****0156,网上银行
2026-01-15,14:27:26,银联入账,,"+1,779.00","1,492,631.53",吴婉莹,2088****0156,网上银行
2026-01-15,14:27:46,银联入账,1001,"+1,100.00","1,493,731.53",吴婉莹,2088****0156,网上银行
2026-01-15,14:28:09,银联入账,1001,"+1,500.00","1,495,231.53",吴婉莹,2088****0156,网上银行
2026-01-15,14:28:29,他行汇入,1001,"+1,132.00","1,496,363.53",雷敏,6217003370017895366,其他
2026-01-15,14:43:08,银联入账,1001,+900.00,"1,498,263.53",吴婉莹,2088****0156,网上银行
2026-01-15,15:22:50,银联入账,1001,"+1,040.00","1,499,303.53",吴婉莹,2088****0156,快捷支付
2026-01-15,15:22:50,支付宝转账,1001,+659.60,"1,499,963.13",吴婉莹,2088****0156,快捷支付
2026-01-15,15:22:50,支付宝转账,1001,"+1,100.00","1,501,063.13",吴婉莹,2088****0156,快捷支付
2026-01-15,15:22:50,他行汇入,1001,"+5,160.00","1,506,223.13",深圳市两,,
2026-01-15,18:24:28,支付宝转账,,+840.00,"1,507,063.13",吴婉莹,2088****0156,快捷支付
2026-01-15,23:11:00,银联入账,1001,+600.00,"1,467,948.15",程文静,2088****0156,网上银行
2026-01-16,00:48:02,他行汇入,1001,+940.00,"1,508,805.63",刘晶,6217991210028875854,其他
2026-01-16,00:54:19,网转,1116,"+2,850.00","1,511,655.63",秦婉,6212251116001284756,手机银行
2026-01-16,09:43:39,银联入账,1001,"+1,980.00","1,513,635.63",林琴琴,2088****0156,网上银行
2026-01-16,18:24:28,网转,1207,+802.50,"1,507,865.63",钱熙然,6222031207004658538,手机银行
2026-01-19,13:08:09,支付宝,1001,+500.00,"1,515,635.63",王楠,2088****0156,快捷支付
2026-01-19,15:49:21,他行汇入,1001,"+1,500.00","1,515,135.63",陈春蕊,6214839317732063,其他
2026-01-21,13:08:09,他行汇入,1001,+800.00,"1,516,435.63",曹芷若,2088****0156,快捷支付
2026-01-21,13:08:09,他行汇入,,"+1,000.00","1,517,435.63",郭倩,,
2026-01-21,17:59:44,他行汇入,1001,+750.00,"1,518,185.63",吴婷婷,6217562000003365651,其他
2026-01-21,18:45:46,支付宝转账,1001,+840.00,"1,519,025.63",刘芷利,2088****0156,快捷支付
2026-01-22,08:58:16,网转,0200,+780.00,"1,529,751.43",焦思悦,6212260200129263196,手机银行
2026-01-22,11:32:27,他行汇入,1001,+900.00,"1,521,825.43",其他,,
2026-01-22,13:08:24,银联入账,1001,"+1,176.00","1,523,001.43",陈嘉选,2088****0156,网上银行
2026-01-22,13:50:48,银联入账,,"+1,520.00","1,524,521.43",杨永,2088****0156,网上银行
2026-01-22,14:32:22,银联入账,1001,+840.00,"1,525,361.43",杨小玲,2088****0156,网上银行
2026-01-22,14:42:48,银联入账,1001,"+1,000.00","1,526,361.43",吴婉莹,2088****0156,网上银行
2026-01-22,14:46:22,银联入账,1001,"+1,140.00","1,527,501.43",杨小玲,2088****0156,网上银行
2026-01-22,14:54:25,他行汇入,1001,"+1,050.00","1,530,801.43",高素静,6217002510012621165,其他
2026-01-22,16:55:13,他行汇入,1001,"+1,410.00","1,532,211.43",王宇铨,6214837643557188,其他
2026-01-22,16:57:30,网转,1202,"+1,358.00","1,533,569.43",叶景帅,6222081202009891423,手机银行
2026-01-22,16:59:47,他行汇入,1001,"+10,500.00","1,544,069.43",陈淑娴,6214855860957303,其他
2026-01-22,20:13:15,他行汇入,1001,"+1,500.00","1,520,525.63",余晓宁,6214835982181032,其他
2026-01-23,19:47:10,银联入账,,"+1,024.00","1,545,093.43",方佳玲,2088****0156,网上银行
2026-01-23,19:47:10,他行汇入,1001,+900.00,"1,545,993.43",涂佳月,6214837852465933,其他
2026-01-23,19:50:09,他行汇入,1001,+840.00,"1,546,833.43",彭诗琦,6230520460273578975,其他
2026-01-23,20:39:09,银联入账,1001,+700.00,"1,547,533.43",邹梦琪,2088****0156,网上银行
2026-01-23,21:27:25,他行汇入,1001,"+1,980.00","1,549,513.43",赵子绮,6217866000002435508,其他
2026-01-23,22:53:49,支付宝转账,1001,"+2,570.10","1,552,083.53",高妙纯,2088****0156,快捷支付
2026-01-24,08:01:15,银联入账,1001,+900.00,"1,554,033.53",赵锡囡,2088****0156,网上银行
2026-01-24,22:58:03,他行汇入,1001,"+1,050.00","1,553,133.53",史艺薇,6214180002065130485,其他
2026-01-25,03:30:10,他行汇入,1001,"+1,540.00","1,556,653.53",玉染华,6227003378320019607,其他
2026-01-25,14:54:13,网转,1202,"+1,080.00","1,555,113.53",崔景涛,,
2026-01-25,22:51:45,他行汇入,1001,+900.00,"1,557,553.53",王思远,6216697600000715269,其他
2026-01-26,10:27:20,银联入账,1001,"+1,450.00","1,560,821.53",活期人民,,
2026-01-26,17:36:01,银联入账,1001,"+2,125.00","1,562,946.53",王颖,2088****0156,快捷支付
2026-01-26,17:36:01,银联入账,,+555.00,"1,563,501.53",施璐,2088****0156,网上银行
2026-01-26,23:17:27,银联入账,1001,"+1,000.00","1,558,553.53",叶凯曼,2088****0156,网上银行
2026-01-28,00:10:29,他行汇入,1001,"+3,600.00","1,579,283.03",唐佳,6214830433597175,其他
2026-01-28,10:37:41,他行汇入,1001,+75.00,"1,581,008.03",王颜佳,6214836125153961,其他
2026-01-28,11:43:59,他行汇入,1001,"+1,751.50","1,565,253.03",张秋荣,6230522050046984572,其他
2026-01-28,13:42:02,支付宝转账,1001,+300.00,"1,581,308.03",倪紫薇,2088****0156,快捷支付
2026-01-28,14:14:51,支付宝转账,1001,"+5,250.00","1,570,503.03",汪梦涵,2088****0156,快捷支付
2026-01-28,14:14:51,他行汇入,1001,"+1,540.00","1,572,043.03",严竑博,6221805200042524107,其他
2026-01-28,16:07:47,网转,2013,"+1,050.00","1,580,333.03",黄扬扬,6212262013026307208,手机银行
2026-01-28,16:25:35,他行汇入,1001,+600.00,"1,580,933.03",林嘉欣,6217003120010732284,其他
2026-02-02,17:07:00,支付宝,,+540.00,"1,581,848.03",徐菁,2088****0156,快捷支付
2026-02-02,17:07:00,他行汇入,1001,+480.00,"1,582,328.03",黄玉林,6214832146179937,其他
2026-02-02,17:08:02,他行汇入,1001,+420.00,"1,582,748.03",丁理丽,6214832081255718,其他
2026-02-02,17:35:24,银联入账,1001,"+2,288.00","1,585,036.03",曹思颖,2088****0156,网上银行
2026-02-02,17:50:41,支付宝转账,1001,+600.00,"1,585,636.03",朱梦雪,2088****0156,快捷支付
2026-02-02,17:50:41,银联入账,1001,+300.00,"1,585,936.03",蒋广丽,2088****0156,网上银行
2026-02-03,00:24:19,他行汇入,1001,"+3,086.10","1,607,042.13",其他,,
2026-02-03,10:49:12,银联入账,1001,+630.00,"1,589,566.03",李春梅,2088****0156,网上银行
2026-02-03,14:02:00,支付宝,1001,"+9,380.00","1,598,946.03",刘欢,,
2026-02-03,14:02:00,银联入账,1001,"+2,550.00","1,601,496.03",郑妮,2088****0156,网上银行
2026-02-03,15:53:00,支付宝转账,1001,+900.00,"1,602,396.03",程美琪,2088****0156,快捷支付
2026-02-03,19:26:56,支付宝,1001,"+1,200.00","1,603,596.03",肖颖,2088****0156,快捷支付
2026-02-03,23:18:15,银联入账,1001,"+3,000.00","1,588,936.03",余锦锋,2088****0156,网上银行
2026-02-04,01:20:03,他行汇入,1001,+720.00,"1,639,200.93",孙乐,6228481829087769171,其他
2026-02-04,08:42:14,银联入账,1001,+640.00,"1,607,682.13",梁嘉舜,2088****0156,网上银行
2026-02-04,09:33:38,他行汇入,,"+1,380.00","1,609,062.13",张贻涵,6216631000002915349,其他
2026-02-04,10:58:40,他行汇入,1001,"+2,375.00","1,611,437.13",张璇,6214832195526343,其他
2026-02-04,11:15:05,银联入账,1001,"+1,260.00","1,612,697.13",段欣如,2088****0156,网上银行
2026-02-04,11:18:23,他行汇入,1001,+772.80,"1,613,469.93",李鑫茜,6228272906180071870,其他
2026-02-04,11:32:57,银联入账,1001,+756.00,"1,639,956.93",宁思鸣,2088****0156,网上银行
2026-02-04,12:05:23,银联入账,1001,+260.00,"1,614,881.93",雷雨甜,2088****0156,网上银行
2026-02-04,12:56:59,网转,3602,+192.00,"1,615,073.93",樊春霞,6217233602005755893,手机银行
2026-02-04,12:58:22,银联入账,1001,"+1,728.00","1,616,801.93",王茗欣,2088****0156,网上银行
2026-02-04,14:04:04,他行汇入,1001,+600.00,"1,617,401.93",林芷均,6214866007221008,其他
2026-02-04,14:27:53,他行汇入,1001,+225.00,"1,617,626.93",王绮丽,6231120100004672349,其他
2026-02-04,14:34:16,银联入账,1001,+700.00,"1,640,656.93",魏莉莎,2088****0156,网上银行
2026-02-04,14:38:25,银联入账,1001,+979.20,"1,641,636.13",史梦芸,2088****0156,网上银行
2026-02-04,16:05:09,他行汇入,,+150.00,"1,617,776.93",卞雨诗,6228480393534024418,其他
2026-02-04,16:05:09,银联入账,1001,+750.00,"1,618,526.93",马文琴,2088****0156,网上银行
2026-02-04,16:10:20,支付宝,1001,"+1,125.00","1,619,651.93",陈路,2088****0156,快捷支付
2026-02-04,16:10:20,银联入账,1001,"+1,050.00","1,620,701.93",李梦婷,2088****0156,网上银行
2026-02-04,16:47:07,他行汇入,1001,+960.00,"1,621,661.93",贺婕,6236682950002014657,其他
2026-02-04,16:47:38,银联入账,1001,+900.00,"1,622,561.93",苏嘉乐,2088****0156,网上银行
2026-02-04,16:50:44,银联入账,1001,"+1,140.00","1,623,701.93",张婷婷,2088****0156,网上银行
2026-02-04,17:04:20,银联入账,1001,"+1,140.00","1,642,776.13",许苗,2088****0156,网上银行
2026-02-04,17:09:22,支付宝转账,1001,"+1,470.00","1,625,171.93",高妙纯,2088****0156,快捷支付
2026-02-04,17:09:22,支付宝,1001,"+1,000.00","1,626,171.93",曹林,,
2026-02-04,17:09:22,银联入账,1001,"+1,225.00","1,627,396.93",冯竞文,2088****0156,网上银行
2026-02-04,17:51:58,支付宝转账,1001,+600.00,"1,627,996.93",陈紫薇,2088****0156,快捷支付
2026-02-04,17:54:45,银联入账,1001,+500.00,"1,628,496.93",李培钰,2088****0156,网上银行
2026-02-04,18:43:07,他行汇入,1001,+894.00,"1,630,170.93",其他,,
2026-02-04,19:13:42,支付宝,1001,"+1,550.00","1,631,720.93",刘瑾,2088****0156,快捷支付
2026-02-04,19:13:42,支付宝转账,,"+1,600.00","1,633,320.93",刘奕倩,2088****0156,快捷支付
2026-02-04,19:13:42,网转,1813,"+1,140.00","1,634,460.93",肖雅雯,6217231813002829035,手机银行
2026-02-04,20:33:52,他行汇入,1001,+900.00,"1,635,360.93",闫硕,6217858000086122683,其他
2026-02-04,21:10:24,支付宝转账,1001,"+1,470.00","1,636,830.93",胡文靖,2088****0156,快捷支付
2026-02-06,08:47:32,银联入账,,+540.00,"1,643,316.13",庞子慧,2088****0156,网上银行
2026-02-06,08:47:32,银联入账,1001,+750.00,"1,644,066.13",付茜,2088****0156,网上银行
2026-02-06,11:32:09,网转,3100,"+3,000.00","1,647,066.13",常蕊,6212263100026265798,手机银行
2026-02-06,11:45:13,他行汇入,1001,"+1,020.00","1,648,086.13",李爱云,6228480299195437973,其他
2026-02-06,12:24:53,银联入账,1001,+320.00,"1,648,406.13",廖文君,2088****0156,网上银行
2026-02-06,12:53:59,银联入账,1001,+450.00,"1,648,856.13",吴雅倩,2088****0156,网上银行
2026-02-06,14:02:41,他行汇入,1001,+990.00,"1,649,846.13",王祈茵,6217003320077412479,其他
2026-02-06,14:55:18,他行汇入,1001,+450.00,"1,650,296.13",张园园,6217001680009097900,其他
2026-02-06,17:05:30,他行汇入,1001,"+1,008.00","1,651,304.13",王雅迪,,
2026-02-07,08:59:02,银联入账,1001,"+1,200.00","1,653,204.13",郑小婷,2088****0156,网上银行
2026-02-07,12:28:11,他行汇入,1001,+740.00,"1,655,624.13",其他,,
2026-02-07,15:00:09,转账,1001,+390.00,"1,653,594.13",李若丝,4524****4511,快捷支付
2026-02-07,18:43:35,网转,3400,+700.00,"1,652,004.13",李淑贞,6215583400004643602,手机银行
2026-02-10,12:06:42,他行汇入,1001,+960.00,"1,656,584.13",饶莞昕,6226631706170500,其他
2026-02-10,15:54:11,银联入账,,"+1,050.00","1,657,634.13",张烨钦,2088****0156,网上银行
2026-02-24,10:13:23,,1001,-500.00,"1,657,734.13",交易,,
2026-02-24,10:13:23,银联入账,1001,"+2,380.00","1,660,114.13",李玢泓,2088****0156,网上银行
2026-02-24,11:42:57,银联入账,1001,+960.00,"1,661,844.13",王亚茹,2088****0156,网上银行
2026-02-24,11:44:52,网转,4402,+525.00,"1,662,369.13",于江,6212264402097082113,手机银行
2026-02-24,11:57:41,他行汇入,1001,+450.00,"1,662,819.13",顾芸,6228480402758667917,其他
2026-02-24,13:14:26,网转,4000,+150.00,"1,662,969.13",潘晓彤,6222034000040412797,手机银行
2026-02-24,15:06:53,支付宝转账,1001,+800.00,"1,663,769.13",吴佳宇,2088****0156,快捷支付
2026-02-24,16:24:39,银联入账,1001,+600.00,"1,658,234.13",谢以默,2088****0156,网上银行
2026-02-24,18:11:17,网转,,+300.00,"1,664,069.13",李含雪,6222034100004168037,手机银行
2026-02-24,18:11:17,支付宝转账,1001,+750.00,"1,664,819.13",于清雯,2088****0156,快捷支付
2026-02-25,13:52:57,银联入账,1001,+420.00,"1,666,331.13",段嘉欣,2088****0156,网上银行
2026-02-25,14:46:24,支付宝转账,1001,"+3,160.00","1,669,491.13",吴婉莹,2088****0156,快捷支付
2026-02-25,14:46:24,银联入账,1001,"+3,750.00","1,673,241.13",吴婉莹,2088****0156,网上银行
2026-02-25,18:11:17,他行汇入,1001,"+1,092.00","1,665,911.13",连桓欣,6217921006977634,其他
2026-02-26,22:17:11,他行汇入,1001,"+1,399.65","1,674,640.78",刘鉴漩,6214830218932613,其他
2026-02-27,18:45:51,支付宝转账,1001,"+3,060.00","1,677,700.78",李梓绮,2088****0156,快捷支付
2026-02-27,18:45:51,网转,4301,+180.00,"1,677,880.78",申屠靖凡,,
2026-03-02,14:26:37,他行汇入,1001,+900.00,"1,679,480.78",刘佳瑶,6213326200000718649,其他
2026-03-02,14:27:25,银联入账,1001,"+1,050.00","1,680,530.78",程美琪,2088****0156,网上银行
2026-03-02,14:49:19,网转,1102,"+1,080.00","1,684,610.78",活期人民,,
2026-03-02,16:08:01,银联入账,1001,"+4,500.00","1,689,110.78",战思齐,2088****0156,网上银行
2026-03-02,16:22:33,银联入账,,"+2,850.00","1,691,960.78",邓钧天,2088****0156,网上银行
2026-03-02,21:27:55,银联入账,1001,+700.00,"1,678,580.78",李文姝,2088****0156,网上银行
2026-03-05,11:10:39,银联入账,1001,"+1,900.00","1,695,179.78",王泽治,2088****0156,网上银行
2026-03-05,11:34:12,银联入账,1001,"+4,129.60","1,699,309.38",吴钰洁,2088****0156,网上银行
2026-03-05,14:03:38,他行汇入,1001,"+1,319.00","1,693,279.78",刘玮洁,6228480659213479077,其他
2026-03-05,16:43:44,支付宝,1001,+900.00,"1,700,509.38",詹文悄,2088****0156,快捷支付
2026-03-05,16:43:44,支付宝,1001,+875.00,"1,701,384.38",闫辉,2088****0156,快捷支付
2026-03-05,16:43:44,银联入账,1001,"+1,475.00","1,702,859.38",张笑云,2088****0156,网上银行
2026-03-05,17:24:36,他行汇入,1001,"+1,200.00","1,704,059.38",卓爱文,6217002920114895825,其他
2026-03-05,23:41:38,银联入账,1001,+960.00,"1,705,019.38",林雪芳,2088****0156,网上银行
2026-03-08,09:23:17,银联入账,,+350.00,"1,705,369.38",王道双,2088****0156,网上银行
2026-03-10,09:23:17,他行汇入,1001,"+1,125.00","1,706,494.38",甄超,6214850224142288,其他
2026-03-10,16:08:38,支付宝,1001,"+1,160.00","1,707,654.38",卢霞,2088****0156,快捷支付
2026-03-11,00:39:48,银联入账,1001,+450.00,"208,104.38",肖颖,2088****0156,网上银行
2026-03-11,16:08:38,理财购买,1001,"-1,500,000.00","207,654.38",中国工商,,
2026-03-12,10:11:56,他行汇入,1001,+440.00,"208,544.38",施佳佳,6228480338731714774,其他
2026-03-12,15:42:09,网转,1607,"+1,925.00","210,469.38",王梦秋,6217231607001697074,手机银行
2026-03-12,15:47:03,他行汇入,1001,"+2,370.00","212,839.38",李海娇,6214850330801371,其他
2026-03-12,16:24:54,,1001,"+1,740.00","214,579.38",范蕴仪,,
2026-03-13,10:06:09,他行汇入,1001,+300.00,"216,229.38",谭雨晴,6214623921000621669,其他
2026-03-13,10:07:49,银联入账,1001,+150.00,"216,379.38",许超,2088****0156,网上银行
2026-03-13,10:22:35,银联入账,1001,+300.00,"217,129.38",活期人民,,
2026-03-13,10:47:08,银联入账,1001,+900.00,"218,029.38",刘浩泉,2088****0156,网上银行
2026-03-13,10:49:59,他行汇入,,+390.00,"218,419.38",劳小娇,6236683130001963514,其他
2026-03-13,10:51:10,他行汇入,1001,"+1,350.00","219,769.38",冯婉蓉,6217860100003058535,其他
2026-03-13,10:59:12,他行汇入,1001,+645.00,"220,414.38",徐杨,6214850210236292,其他
2026-03-13,11:08:28,银联入账,1001,+450.00,"220,864.38",陈倩倩,2088****0156,网上银行
2026-03-13,11:17:08,银联入账,1001,"+1,500.00","222,604.38",杨珍,2088****0156,网上银行
2026-03-13,12:11:03,他行汇入,1001,+750.00,"224,674.38",鲁逸,6214868882201022,其他
2026-03-13,14:55:49,银联入账,1001,+630.00,"223,234.38",邓再言,2088****0156,快捷支付
2026-03-13,14:55:49,他行汇入,1001,+240.00,"223,474.38",李静文,622908353872673410,其他
2026-03-13,16:24:54,网转,1901,"+1,350.00","215,929.38",张会彬,6212261901008525402,手机银行
2026-03-13,17:18:52,银联入账,1001,+450.00,"223,924.38",洪雅云,2088****0156,网上银行
2026-03-16,10:01:03,银联入账,,+450.00,"225,124.38",彭玥,2088****0156,网上银行
2026-03-16,10:01:03,他行汇入,1001,+500.00,"225,624.38",刘宇航,6214660940539422,其他
2026-03-16,10:11:54,他行汇入,1001,+375.00,"225,999.38",李青唐,6214850212494048,其他
2026-03-16,10:34:59,银联入账,1001,+600.00,"226,599.38",吴茹乐,2088****0156,网上银行
2026-03-16,10:36:40,他行汇入,1001,+240.00,"226,839.38",吕晴,6222620410008157559,其他
2026-03-16,11:24:24,他行汇入,1001,+600.00,"227,439.38",颜盼盼,6222801543111297887,其他
2026-03-16,11:30:17,他行汇入,1001,+204.00,"227,643.38",宋祥瑞,6214860116191004,其他
2026-03-16,11:38:23,他行汇入,1001,+700.00,"228,343.38",陈伟珍,6217007200104192912,其他
2026-03-16,13:38:23,银联入账,1001,+450.00,"228,793.38",钟汶珊,,
2026-03-16,14:06:29,银联入账,1001,+600.00,"229,393.38",陈文彦,2088****0156,网上银行
2026-03-16,14:19:07,他行汇入,1001,"+1,400.00","230,793.38",王星竹,6214837407241185,其他
2026-03-17,10:26:00,银联入账,1001,+780.00,"232,693.38",活期人民,,
2026-03-17,10:27:37,他行汇入,1001,+720.00,"233,413.38",李雯靖,6235716000000192618,其他
2026-03-17,10:34:46,网转,,"+2,250.00","235,663.38",陈秋燕,6212261402023640888,手机银行
2026-03-17,14:11:13,银联入账,1001,+665.00,"236,328.38",关玉,2088****0156,网上银行
2026-03-17,14:13:06,他行汇入,1001,+700.00,"237,028.38",刘倩,6217994910196748166,其他
2026-03-17,14:18:44,他行汇入,1001,+300.00,"237,328.38",高亦佳,6217001820017978184,其他
2026-03-17,14:22:26,他行汇入,1001,+720.00,"231,513.38",谢柳霞,6212832000000454016,其他
2026-03-17,14:26:09,银联入账,1001,+750.00,"238,603.38",倪瑾怡,2088****0156,网上银行
2026-03-17,14:51:13,他行汇入,1001,"+5,375.00","243,978.38",范清香,6210984310001654518,其他
2026-03-17,15:06:44,网转,4301,+700.00,"244,678.38",蒋秀秀,6217214301010854568,手机银行
2026-03-17,15:56:26,支付宝,1001,+625.00,"245,303.38",陈茜,2088****0156,快捷支付
2026-03-17,15:56:26,他行汇入,1001,"+1,560.00","246,863.38",苗爱春,6236682340008072083,其他
2026-03-17,18:19:21,支付宝转账,,+300.00,"247,163.38",曾芷儿,2088****0156,快捷支付
2026-03-17,18:19:21,银联入账,1001,+560.00,"247,723.38",黄焕,2088****0156,网上银行
2026-03-17,23:17:57,支付宝转账,1001,+600.00,"248,323.38",左思梦,2088****0156,快捷支付
2026-03-18,23:17:57,他行汇入,1001,"+4,984.00","253,307.38",严竑博,6221805200042524107,其他
2026-03-19,18:59:52,支付宝转账,1001,+450.00,"253,757.38",刘星玥,2088****0156,快捷支付
2026-03-20,00:56:46,银联入账,1001,+930.00,"273,315.19",傅饶,2088****0156,网上银行
2026-03-20,09:56:37,网转,3202,+390.00,"275,651.19",李诗,6222023202044746328,手机银行
2026-03-20,10:43:37,他行汇入,1001,"+1,050.00","274,365.19",高振宇,6214836212424945,其他
2026-03-20,14:08:09,他行汇入,1001,+840.00,"256,172.38",柳芙蓉,6217002920123108228,其他
2026-03-20,14:51:40,银联入账,1001,"+1,575.00","257,747.38",李云贺,2088****0156,网上银行
2026-03-20,15:13:52,他行汇入,1001,+896.00,"275,261.19",杨琪,6236683320001271543,其他
2026-03-20,16:27:08,支付宝,1001,+587.40,"258,334.78",刘圆,,
2026-03-20,16:27:08,他行汇入,1001,+320.00,"258,654.78",陈恭萍,6214850211241234,其他
2026-03-20,16:28:05,银联入账,1001,+660.00,"259,314.78",刘银林,2088****0156,网上银行
2026-03-20,16:30:05,他行汇入,1001,"+1,000.00","260,314.78",魏思明,6214832102730368,其他
2026-03-20,16:54:01,支付宝转账,1001,+360.00,"261,874.78",活期人民,,
2026-03-20,16:54:01,他行汇入,1001,+750.00,"262,624.78",王姣宇,2088****0156,快捷支付
2026-03-20,16:54:01,他行汇入,,"+1,500.00","264,124.78",汤萱萱,6226223110041194,其他
2026-03-20,17:25:10,网转,0410,+525.00,"264,649.78",王文章,6222030410005724322,手机银行
2026-03-20,18:16:00,他行汇入,1001,+800.00,"265,449.78",朱格格,6214859290962008,其他
2026-03-20,18:53:20,银联入账,1001,"+4,125.00","269,574.78",叶敏,2088****0156,网上银行
2026-03-20,18:59:52,银联入账,1001,"+1,575.00","255,332.38",周玉玲,2088****0156,网上银行
2026-03-20,23:46:29,银联入账,1001,+170.41,"272,385.19",批量业务,,
2026-03-23,02:05:09,他行汇入,1001,+700.00,"326,888.69",石则芳,6216606500023824959,其他
2026-03-23,10:01:53,银联入账,,"+3,850.00","279,501.19",詹晓梅,2088****0156,网上银行
2026-03-23,10:01:53,银联入账,1001,+360.00,"279,861.19",冯浩,2088****0156,网上银行
2026-03-23,10:07:16,银联入账,1001,+780.00,"280,641.19",孙君钰,2088****0156,网上银行
2026-03-23,10:10:47,银联入账,1001,+500.00,"281,141.19",何雪玉,2088****0156,网上银行
2026-03-23,10:14:02,银联入账,1001,"+1,750.00","282,891.19",刘丹阳,2088****0156,网上银行
2026-03-23,10:15:49,银联入账,1001,+480.00,"283,371.19",魏灵,2088****0156,网上银行
2026-03-23,10:16:46,他行汇入,1001,+490.00,"283,861.19",冉佳琪,6228481268948636370,其他
2026-03-23,10:17:16,他行汇入,1001,+510.00,"284,371.19",邵炳娟,6666665242638916,其他
2026-03-23,10:19:20,银联入账,1001,+630.00,"285,001.19",李静文,,
2026-03-23,10:21:00,银联入账,1001,"+1,644.00","286,645.19",马丹霓,2088****0156,网上银行
2026-03-23,10:23:04,银联入账,1001,+351.00,"286,996.19",付梦,2088****0156,网上银行
2026-03-23,10:26:49,他行汇入,1001,+300.00,"287,296.19",曹晓芳,6217001930029619591,其他
2026-03-23,10:27:48,他行汇入,1001,+550.00,"288,046.19",其他,,
2026-03-23,10:29:30,银联入账,1001,"+1,350.00","289,396.19",阮芳,2088****0156,网上银行
2026-03-23,10:30:16,银联入账,,+375.00,"289,771.19",蔡佳,2088****0156,网上银行
2026-03-23,10:32:35,银联入账,1001,"+1,700.00","291,471.19",傅丹青,6230****4831,网上银行
2026-03-23,10:32:45,银联入账,1001,+110.00,"291,581.19",李若男,2088****0156,网上银行
2026-03-23,10:33:02,他行汇入,1001,+700.00,"292,281.19",王倩,6214835303309437,其他
2026-03-23,10:33:26,银联入账,1001,+800.00,"293,681.19",钟子晴,2088****0156,网上银行
2026-03-23,10:33:53,他行汇入,1001,"+1,800.00","295,481.19",刘璐,6216631000000862972,其他
2026-03-23,10:35:07,银联入账,1001,+180.00,"295,661.19",宋前英,2088****0156,网上银行
2026-03-23,10:35:16,他行汇入,1001,"+1,050.00","296,711.19",伍家玮,6217002920150247014,其他
2026-03-23,10:35:57,他行汇入,1001,+480.00,"297,191.19",谭思敏,6217857000097820946,其他
2026-03-23,10:42:08,银联入账,,+300.00,"297,491.19",商敏,2088****0156,网上银行
2026-03-23,10:42:08,银联入账,1001,+450.00,"297,941.19",王惠慧,2088****0156,网上银行
2026-03-23,10:48:26,他行汇入,1001,+840.00,"298,781.19",吴若婷,6214836005125212,其他
2026-03-23,10:50:18,网转,2013,"+1,250.00","300,031.19",韦楚婷,6212262013013253035,手机银行
2026-03-23,10:54:19,银联入账,1001,"+1,500.00","301,531.19",翟蝶,2088****0156,网上银行
2026-03-23,10:58:00,他行汇入,1001,+240.00,"301,771.19",高宏珍,6222620260002849523,其他
2026-03-23,11:07:20,银联入账,1001,"+2,550.00","329,438.69",何理慧,2088****0156,网上银行
2026-03-23,11:22:11,银联入账,1001,+900.00,"302,671.19",吴金风,2088****0156,网上银行
2026-03-23,11:23:41,银联入账,1001,"+3,520.00","306,191.19",蒋婷,2088****0156,网上银行
2026-03-23,11:29:49,他行汇入,1001,+170.00,"306,361.19",胡萍,,
2026-03-23,11:42:38,他行汇入,1001,+480.00,"306,841.19",李嘉怡,6214832073415486,其他
2026-03-23,12:27:21,他行汇入,1001,"+1,000.00","307,841.19",田雨婷,6214851212511146,其他
2026-03-23,12:57:34,银联入账,1001,"+1,875.00","309,716.19",杨文玉,2088****0156,网上银行
2026-03-23,13:39:48,银联入账,1001,"+1,400.00","312,741.19",活期人民,,
2026-03-23,13:47:48,他行汇入,1001,+360.00,"313,101.19",黄丹奕,6214186666005090555,其他
2026-03-23,13:49:09,银联入账,,+750.00,"313,851.19",李佳益,2088****0156,网上银行
2026-03-23,13:52:23,银联入账,1001,+625.00,"314,476.19",温云江,2088****0156,网上银行
2026-03-23,14:37:47,他行汇入,1001,"+1,500.00","315,976.19",欧海璇,6214680092877651,其他
2026-03-23,15:06:49,支付宝转账,1001,+157.50,"316,133.69",杨冰萱,2088****0156,快捷支付
2026-03-23,18:03:46,他行汇入,1001,"+3,000.00","325,133.69",张伊蕾,2088****0156,快捷支付
2026-03-23,18:03:46,他行汇入,1001,+425.00,"325,558.69",黄荣驰,6217866400004004825,其他
2026-03-23,22:27:44,银联入账,1001,+630.00,"326,188.69",钱妮妮,2088****0156,网上银行
2026-03-24,15:11:55,银联入账,,+840.00,"330,278.69",姚亮,2088****0156,网上银行
2026-03-24,15:11:55,支付宝转账,1001,+810.00,"331,088.69",周婷婷,2088****0156,快捷支付
2026-03-24,15:11:55,支付宝转账,1001,"+1,015.00","332,103.69",沃歆玙,2088****0156,快捷支付
2026-03-25,15:11:55,他行汇入,1001,"+1,080.00","333,183.69",丰倩,6214836330719952,其他
2026-03-25,17:06:12,银联入账,1001,+455.00,"333,638.69",俸云萌,6222****0996,网上银行
2026-03-25,17:18:24,他行汇入,1001,"+1,170.00","334,808.69",严竑博,6221805200042524107,其他
2026-03-25,18:04:00,支付宝转账,1001,"+1,350.00","336,158.69",汤雪云,2088****0156,快捷支付
2026-03-25,18:04:00,他行汇入,1001,"+1,750.00","337,908.69",邱静烨,6217003320102482950,其他
2026-03-26,10:18:01,他行汇入,1001,+475.00,"339,133.69",胡璋琪,6236681370004024086,其他
2026-03-26,10:18:24,他行汇入,1001,"+1,120.00","340,253.69",樊旭,6217002480011202161,其他
2026-03-26,10:21:17,银联入账,1001,+200.00,"340,453.69",秦瑜,2088****0156,网上银行
2026-03-26,11:17:04,他行汇入,1001,+660.00,"341,153.69",其他,,
2026-03-26,14:23:27,他行汇入,1001,"+2,375.00","343,528.69",毛娟娟,6214838643039995,其他
2026-03-26,19:57:45,他行汇入,,"+3,938.00","347,466.69",上海馨案,,
2026-03-26,20:34:46,银联入账,,+750.00,"338,658.69",申少卿,,
2026-03-27,19:57:45,他行汇入,1001,+700.00,"348,166.69",梁嘉文,6216611900021287816,其他
2026-03-31,13:51:21,他行汇入,1001,"+1,500.00","349,666.69",申贺佳,6216600100002472544,其他
2026-03-31,14:07:57,他行汇入,1001,"+9,520.00","369,654.24",袁羽,6214830374086345,其他
2026-03-31,14:30:16,银联入账,1001,"+1,200.75","358,634.24",秦兴冲,2088****0156,快捷支付
2026-03-31,14:30:16,银联入账,1001,"+1,500.00","360,134.24",李小清,2088****0156,网上银行
2026-03-31,14:53:27,他行汇入,1001,"+2,030.00","371,684.24",黄燕梅,6225885929417301,其他
2026-03-31,17:35:35,他行汇入,1001,"+2,340.00","352,006.69",佟乐菲,6214830187113385,其他
2026-03-31,18:34:30,银联入账,1001,"+2,400.00","357,433.49",刘菱荷,2088****0156,网上银行
2026-04-13,10:16:49,他行汇入,,"+1,080.00","372,764.24",王小雪,6227002874500327274,其他
2026-04-13,10:16:49,支付宝转账,1001,"+1,430.00","374,194.24",吴婉莹,2088****0156,快捷支付
2026-04-14,10:16:49,银联入账,1001,"+3,000.00","377,194.24",黄莞歆,2088****0156,网上银行
2026-04-14,10:47:32,网转,1210,"+1,650.00","378,844.24",吴旭慧,6212261210000081558,手机银行
2026-04-14,11:12:23,他行汇入,1001,+700.00,"379,544.24",张红艳,6217001370039658000,其他
2026-04-14,11:51:06,他行汇入,1001,+900.00,"380,444.24",刘明伟,6228480278742645379,其他
2026-04-14,12:17:53,银联入账,1001,"+1,697.30","382,141.54",叶明仪,2088****0156,网上银行
2026-04-14,12:30:20,他行汇入,1001,"+3,300.00","385,441.54",高伟,6217002000048137964,其他
2026-04-14,13:35:28,他行汇入,1001,+800.00,"386,241.54",岳诗杰,,
2026-04-14,13:49:38,他行汇入,1001,"+2,600.00","388,841.54",林新新,6230910199014434191,其他
2026-04-14,15:46:38,他行汇入,1001,"+1,600.00","390,441.54",吴文超,6228480349359478170,其他
2026-04-14,15:55:42,网转,3602,"+1,200.00","391,641.54",欧阳钰晶,6222033602008794487,手机银行
2026-04-14,18:02:04,他行汇入,1001,"+2,860.00","395,117.54",其他,,
2026-04-15,08:07:22,银联入账,,"+1,800.00","398,987.54",陈遥,2088****0156,网上银行
2026-04-15,10:36:12,他行汇入,1001,"+2,100.00","401,087.54",王亚楠,6217858000145144579,其他
2026-04-15,10:37:10,银联入账,1001,"+1,200.00","402,287.54",林寰宇,2088****0156,网上银行
2026-04-15,10:37:13,银联入账,1001,"+1,125.00","403,412.54",邢维方,2088****0156,网上银行
2026-04-15,10:49:19,银联入账,1001,"+1,225.00","405,262.54",王紫钒,2088****0156,网上银行
2026-04-15,10:57:06,他行汇入,1001,"+2,040.00","407,302.54",张德濂,6214852005830958,其他
2026-04-15,11:09:34,他行汇入,1001,"+1,469.00","408,771.54",严云龙,6214663802655500,其他
2026-04-15,12:07:00,银联入账,1001,"+2,100.00","410,871.54",王琪,2088****0156,网上银行
2026-04-15,12:29:17,银联入账,1001,"+1,505.00","412,376.54",陈香娇,2088****0156,网上银行
2026-04-15,13:09:50,他行汇入,,"+1,750.00","414,126.54",李其蔚,6217002870110638705,其他
2026-04-15,13:09:50,银联入账,1001,"+1,250.00","415,376.54",罗洵,2088****0156,网上银行
2026-04-15,14:25:04,他行汇入,1001,"+1,500.00","416,876.54",张越,6216911210478041,其他
2026-04-15,14:27:20,他行汇入,1001,+700.00,"417,576.54",高玮,2088****0156,快捷支付
2026-04-15,14:27:20,他行汇入,1001,"+1,225.00","418,801.54",刘璇,6228760155000911001,其他
2026-04-15,16:56:20,他行汇入,1001,"+1,925.00","420,726.54",谢鑫鑫,6230520680001652475,其他
2026-04-15,16:59:32,网转,2011,+500.00,"421,226.54",邓翰文,6222032011008210828,手机银行
2026-04-15,17:41:09,网转,1202,"+1,200.00","422,426.54",李莹莹,6212261202030680954,手机银行
2026-04-15,18:46:13,他行汇入,1001,+840.00,"423,266.54",厉嘉欣,,
2026-04-15,20:02:30,他行汇入,1001,"+2,030.00","425,296.54",王燕,4100622793188188,其他
2026-04-15,20:05:03,他行汇入,1001,"+1,250.00","426,546.54",甄超,6214850224142288,其他
2026-04-15,21:06:53,银联入账,1001,+800.00,"427,346.54",赵欣艾,2088****0156,网上银行
2026-04-15,21:13:19,银联入账,1001,"+2,400.00","430,021.54",活期人民,,
2026-04-15,22:50:28,银联入账,1001,"+2,070.00","397,187.54",唐浩,2088****0156,网上银行
2026-04-16,00:46:24,银联入账,1001,"+1,740.00","431,761.54",孙子卓,2088****0156,网上银行
2026-04-16,02:43:22,他行汇入,,"+3,420.00","435,181.54",王夏雪莹,6217856200030834985,其他
2026-04-16,10:29:10,他行汇入,1001,"+2,860.00","438,041.54",朱淑湘,6228480039130940172,其他
2026-04-16,10:38:30,银联入账,1001,+540.00,"449,826.44",关玉,2088****0156,网上银行
2026-04-16,11:04:37,他行汇入,1001,"+2,850.00","448,106.54",徐秋燕,6228480469783062679,其他
2026-04-16,11:09:23,银联入账,1001,+960.00,"439,001.54",张昕,6222****5074,网上银行
2026-04-16,13:39:53,网转,1702,"+1,179.90","449,286.44",尹珊,6212261702035842913,手机银行
2026-04-16,15:18:44,他行汇入,1001,"+2,700.00","441,701.54",杨阳,6214830222897737,其他
2026-04-16,16:18:39,银联入账,1001,+900.00,"443,976.54",欧静敏,2088****0156,网上银行
2026-04-16,18:33:57,他行汇入,1001,"+1,280.00","445,256.54",易梦婷,622908413233410686,其他
2026-04-25,00:10:42,银联入账,1001,"+1,050.00","464,751.13",活期人民,,
2026-04-25,15:32:11,支付宝转账,,"+1,499.70","451,326.14",张晓悦,2088****0156,快捷支付
2026-04-25,15:32:11,支付宝转账,1001,+600.00,"451,926.14",丁珍珍,2088****0156,快捷支付
2026-04-25,15:32:11,支付宝,1001,"+1,050.00","452,976.14",谭静,2088****0156,快捷支付
2026-04-25,15:32:11,他行汇入,1001,+540.00,"453,516.14",郭芳,6217003320100132128,其他
2026-04-25,19:27:54,他行汇入,1001,+420.00,"453,936.14",刘靓婧,6217730804750188,其他
2026-04-25,19:49:45,他行汇入,1001,"+1,500.00","455,436.14",刘靓婧,6217730804750188,其他
2026-04-25,19:51:01,网转,4000,"+1,260.00","456,696.14",邓弼壬,6222034000026344022,手机银行
2026-04-25,22:28:19,网转,3901,"+1,879.99","458,576.13",陈昕芸,6222023901023757673,手机银行
2026-04-25,22:38:04,,1001,+900.00,"459,476.13",赵九洋,,
2026-04-25,22:38:04,银联入账,1001,+300.00,"459,776.13",胡梦之,2088****0156,网上银行
2026-04-25,23:06:57,他行汇入,1001,"+1,000.00","460,776.13",盛瀚钦,6214830107101098,其他
2026-04-25,23:22:13,他行汇入,1001,"+1,125.00","461,901.13",夏雪,6217001180061495811,其他
2026-04-26,12:49:42,银联入账,1001,+560.00,"465,311.13",李珂,2088****0156,网上银行
2026-04-26,16:33:37,他行汇入,,"+1,470.00","466,781.13",朱爽爽,6214855712354139,其他
2026-04-27,17:25:33,银联入账,1001,+875.00,"467,656.13",张文雅,2088****0156,网上银行
2026-04-28,05:48:26,银联入账,1001,+599.70,"468,615.83",窦远东,2088****0156,网上银行
2026-04-28,12:20:20,银联入账,1001,+360.00,"468,016.13",尚晓萌,2088****0156,网上银行
2026-04-28,13:32:16,银联入账,1001,"+1,736.00","473,391.83",刘世康,2088****0156,网上银行
2026-04-28,13:37:03,银联入账,1001,+760.00,"474,151.83",邱惟,2088****0156,网上银行
2026-04-28,14:28:19,网转,2407,"+1,150.00","475,301.83",胡嘉然,6222032407001799876,手机银行
2026-04-28,15:45:02,他行汇入,1001,"+1,850.00","477,151.83",葛永鑫,6214834572982313,其他
2026-04-28,22:51:14,银联入账,1001,"+1,600.00","471,655.83",刘萍慧,2088****0156,网上银行
2026-05-03,23:15:04,支付宝,,"+1,450.00","478,601.83",车睿,2088****0156,快捷支付
2026-05-06,10:31:38,银联入账,1001,"+1,350.00","481,001.83",徐子翔,2088****0156,网上银行
2026-05-06,15:29:55,银联入账,1001,"+1,150.00","482,151.83",王依嘉,2088****0156,快捷支付
2026-05-06,23:15:04,他行汇入,1001,"+1,050.00","479,651.83",黄怡薇,6230580000298633970,其他
2026-05-07,08:35:59,银联入账,1001,"+1,650.00","486,301.83",高玲玲,2088****0156,网上银行
2026-05-07,10:43:34,银联入账,1001,+960.00,"487,261.83",章锦红,2088****0156,网上银行
2026-05-07,10:45:39,银联入账,1001,"+1,680.00","498,083.83",活期人民,,
2026-05-07,10:48:01,他行汇入,1001,"+1,400.00","488,661.83",马锐,6215824750003176197,其他
2026-05-07,11:45:15,银联入账,1001,+62.00,"488,723.83",王璇,,
2026-05-07,11:49:57,他行汇入,1001,"+1,950.00","490,673.83",王可,6217770333110520,其他
2026-05-07,14:34:58,他行汇入,1001,+840.00,"491,513.83",饶诗玲,6214852005926533,其他
2026-05-07,15:23:17,支付宝,1001,"+2,250.00","493,763.83",彭彬,2088****0156,快捷支付
2026-05-07,15:29:55,银联入账,1001,"+2,500.00","484,651.83",赵欣蕊,2088****0156,网上银行
2026-05-08,12:48:47,银联入账,1001,"+2,640.00","500,723.83",朱延梅,2088****0156,网上银行
2026-05-08,13:10:29,他行汇入,,"+1,100.00","501,823.83",茅佳梦,6230399991018973442,其他
2026-05-09,10:15:24,他行汇入,1001,"+1,650.00","503,698.83",陈兆年,6214830437110512,其他
2026-05-09,10:54:30,银联入账,1001,"+1,225.00","507,095.83",徐静,2088****0156,网上银行
2026-05-09,11:04:38,银联入账,1001,+630.00,"507,725.83",唐浩楠,6212****3805,网上银行
2026-05-09,11:05:39,银联入账,1001,+875.00,"508,600.83",王豪,6227****3534,网上银行
2026-05-09,15:23:57,他行汇入,1001,+980.00,"505,870.83",吴杨,6217681112540615,其他
2026-05-09,15:30:43,网转,1203,+800.00,"504,498.83",杜文静,6222081203010910061,手机银行
2026-05-09,16:43:04,他行汇入,1001,+132.00,"504,890.83",陈妍,6221807300019512016,其他
2026-05-09,16:57:10,银联入账,1001,+225.00,"502,048.83",谢精精,6214****3566,网上银行
2026-05-11,11:35:48,他行汇入,,+980.00,"509,580.83",舒仪瑶,6222623690001040129,其他
2026-05-11,11:35:48,银联入账,1001,+945.00,"510,525.83",张晶,2088****0156,网上银行
2026-05-11,12:07:45,银联入账,1001,+840.00,"511,365.83",李沁春,2088****0156,网上银行
2026-05-11,12:48:50,银联入账,1001,+875.00,"512,240.83",徐华丽,2088****0156,快捷支付
2026-05-12,08:57:37,支付宝,1001,+600.00,"513,080.83",李娜,2088****0156,快捷支付
2026-05-12,12:48:50,银联入账,1001,+240.00,"512,480.83",许晓璐,2088****0156,网上银行
2026-05-14,17:22:06,银联入账,1001,"+1,140.00","514,220.83",唐朝,2088****0156,网上银行
2026-05-15,11:08:09,银联入账,1001,+360.00,"515,130.83",岳计雄,,
2026-05-15,11:14:27,银联入账,1001,"+1,000.00","516,130.83",邓源,2088****0156,网上银行
2026-05-15,11:28:35,他行汇入,1001,+420.00,"516,550.83",杜晓瑶,6226080270159418,其他
2026-05-15,11:44:30,银联入账,1001,"+1,050.00","517,600.83",潘兴波,2088****0156,网上银行
2026-05-15,14:01:46,银联入账,1001,+550.00,"514,770.83",李丹丹,2088****0156,网上银行
2026-05-15,14:07:32,银联入账,1001,"+1,050.00","520,840.83",活期人民,,
2026-05-15,14:13:38,银联入账,1001,+600.00,"521,440.83",周蕊,2088****0156,网上银行
2026-05-15,14:40:25,他行汇入,,"+3,120.00","524,560.83",朱家贵,6228481466077637371,其他
2026-05-15,14:42:20,他行汇入,1001,+625.00,"525,185.83",张静,6217930292098377,其他
2026-05-15,16:38:08,支付宝转账,1001,"+3,600.00","528,785.83",黄周佳,2088****0156,快捷支付
2026-05-15,16:38:08,他行汇入,1001,+555.50,"529,341.33",刘浩,6214851234826969,其他
2026-05-15,17:56:14,支付宝转账,1001,"+1,250.00","531,216.33",叶濛濛,2088****0156,快捷支付
2026-05-15,17:56:14,支付宝转账,1001,"+2,100.00","533,316.33",沈颖华,2088****0156,快捷支付
2026-05-15,17:56:14,支付宝转账,1001,"+1,500.00","534,816.33",廖颖彤,2088****0156,快捷支付
2026-05-15,17:56:14,他行汇入,1001,"+1,625.00","536,441.33",毛策艺,6226192010734440,其他
2026-05-15,18:55:22,银联入账,1001,"+2,490.00","538,931.33",孟鹏杰,2088****0156,网上银行
2026-05-15,22:33:07,银联入账,,"+2,700.00","541,631.33",郭玲芳,2088****0156,网上银行
2026-05-15,22:33:07,他行汇入,1001,"+1,170.00","542,801.33",高文萱,6228481045801197470,其他
2026-05-15,22:53:30,支付宝转账,1001,+320.00,"543,121.33",孙祎迎,2088****0156,快捷支付
2026-05-18,10:37:52,银联入账,1001,"+1,650.00","545,611.33",施汉嘉,2088****0156,网上银行
2026-05-18,22:53:30,银联入账,1001,+840.00,"543,961.33",陈杜娟,2088****0156,网上银行
2026-05-19,10:48:14,银联入账,1001,+875.00,"548,006.33",邵明鑫,2088****0156,网上银行
2026-05-19,11:41:30,银联入账,1001,+900.00,"548,906.33",许陶,2088****0156,网上银行
2026-05-19,12:07:27,他行汇入,1001,"+5,600.00","554,506.33",伊秋娟,,
2026-05-19,22:50:38,他行汇入,1001,"+1,520.00","547,131.33",董佳艺,6217920604189865,其他
2026-05-20,10:33:56,他行汇入,1001,+900.00,"559,588.33",其他,,
2026-05-20,11:09:14,他行汇入,1001,+600.00,"560,188.33",王莹超,2088****0156,快捷支付
2026-05-20,11:09:14,他行汇入,,"+1,350.00","561,538.33",路男,6668249850236384,其他
2026-05-20,12:15:25,银联入账,1001,"+1,200.00","555,706.33",张雨,2088****0156,网上银行
2026-05-20,13:20:31,他行汇入,1001,+432.00,"556,138.33",张小叶,6214860109290201,其他
2026-05-20,16:08:06,他行汇入,1001,+750.00,"556,888.33",金瑶瑶,6228480338909615670,其他
2026-05-22,15:31:04,他行汇入,1001,"+3,750.00","565,288.33",沈立,6217001210075937027,其他
2026-05-25,08:31:58,他行汇入,1001,+500.00,"576,571.13",彭雯倩,6214830190321728,其他
2026-05-25,10:05:12,他行汇入,1001,"+2,450.00","571,721.13",曾妮,6217922996182821,其他
2026-05-25,10:15:39,他行汇入,1001,"+1,762.80","567,321.13",严云龙,6214663802655500,其他
2026-05-25,11:02:29,银联入账,1001,"+1,250.00","576,071.13",刘佳琳,2088****0156,网上银行
2026-05-25,16:02:58,银联入账,1001,+270.00,"565,558.33",齐秀英,2088****0156,网上银行
2026-05-25,17:19:22,他行汇入,1001,"+1,500.00","573,221.13",李一超,2088****0156,快捷支付
2026-05-25,17:19:22,他行汇入,1001,"+1,600.00","574,821.13",罗耀,6217002000043132333,其他
2026-05-28,11:35:44,他行汇入,,+710.00,"577,281.13",熊娟娟,6236682020001378162,其他
2026-05-28,11:35:44,支付宝转账,1001,"+1,000.00","578,281.13",吴婉莹,2088****0156,快捷支付
2026-05-29,11:35:44,他行汇入,1001,+900.00,"579,181.13",柳丹丹,6217001370059785535,其他
2026-05-29,17:30:27,他行汇入,1001,"+2,420.00","581,601.13",许志英,2088****0156,快捷支付
2026-05-29,17:30:27,支付宝转账,1001,+600.00,"582,201.13",许志英,2088****0156,快捷支付
2026-05-29,17:30:27,银联入账,1001,"+2,250.00","584,451.13",吴婉莹,2088****0156,网上银行
2026-05-30,18:15:59,他行汇入,1001,+750.00,"585,201.13",杨洁莎,6228481399199482873,其他
2026-06-01,13:19:29,银联入账,1001,"+1,200.00","586,401.13",闫硕,2088****0156,网上银行
2026-06-01,15:53:00,,1001,+925.00,"587,326.13",甄婧煜,,
2026-06-03,09:50:11,他行汇入,1001,"+1,000.00","589,286.13",严竑博,6221805200042524107,其他
2026-06-03,15:53:00,银联入账,1001,+960.00,"588,286.13",熊依人,2088****0156,网上银行
2026-06-03,16:57:44,支付宝转账,1001,"+1,400.00","590,686.13",李家萱,2088****0156,快捷支付
2026-06-03,17:41:34,支付宝转账,1001,+770.00,"592,466.93",活期人民,,
2026-06-04,11:05:50,网转,,"+3,000.00","596,841.93",余世钧,6212252012000559091,手机银行
2026-06-04,14:23:04,银联入账,1001,"+1,500.00","602,451.93",廖颖彤,2088****0156,网上银行
2026-06-04,14:57:55,银联入账,1001,"+1,350.00","603,801.93",张月,2088****0156,快捷支付
2026-06-04,14:57:55,他行汇入,1001,"+1,500.00","605,301.93",刘艳丽,6217002450000881424,其他
2026-06-04,15:24:25,网转,2012,+500.00,"597,341.93",余世钧,6212252012000559091,手机银行
2026-06-04,15:26:01,他行汇入,1001,"+1,200.00","598,541.93",马姮,6214831072060053,其他
2026-06-04,15:31:29,他行汇入,1001,"+2,850.00","608,151.93",陈莎莎,6228482099607787678,其他
2026-06-04,15:34:11,他行汇入,1001,"+2,800.00","610,951.93",姚文文,6668065408853276,其他
2026-06-04,15:34:35,他行汇入,1001,"+1,360.00","599,901.93",袁羽,6214830374086345,其他
2026-06-04,17:41:34,他行汇入,1001,"+1,375.00","593,841.93",李小珍,6228480107117035272,其他
2026-06-05,15:40:32,银联入账,,+570.00,"611,521.93",高李孙,2088****0156,网上银行
2026-06-05,15:40:32,他行汇入,1001,+270.00,"611,791.93",韦明月,6214830129216239,其他
2026-06-05,15:45:26,支付宝转账,1001,"+1,740.00","613,531.93",刘志军,2088****0156,快捷支付
2026-06-05,15:45:26,网转,1103,+660.00,"614,191.93",杨晓,6217231103002282579,手机银行
2026-06-05,15:46:50,支付宝,1001,+840.00,"615,031.93",孔英,2088****0156,快捷支付
2026-06-05,15:46:50,网转,3100,+390.00,"615,421.93",袁露,6222033100049427688,手机银行
2026-06-05,15:55:12,支付宝转账,1001,"+2,400.00","617,821.93",叶小莹,2088****0156,快捷支付
2026-06-05,15:55:12,支付宝,1001,"+1,470.00","619,291.93",董玲,2088****0156,快捷支付
2026-06-05,15:55:12,银联入账,1001,+900.00,"620,691.93",胡睿哲,2088****0156,网上银行
2026-06-05,17:09:55,他行汇入,1001,"+2,472.00","623,163.93",许栩,6214830020551353,其他
2026-06-06,14:00:27,他行汇入,1001,"+1,500.00","627,388.93",其他,,
2026-06-06,17:27:51,他行汇入,1001,+625.00,"623,788.93",周树英,6228480616750773171,其他
2026-06-08,12:06:07,网转,1208,"+1,200.00","636,824.93",吕辰,6222031208007856954,手机银行
2026-06-08,12:09:09,银联入账,1001,+900.00,"637,724.93",林淑怡,2088****0156,网上银行
2026-06-08,12:11:32,他行汇入,1001,+525.00,"638,249.93",牛子博,6217002920163540561,其他
2026-06-08,12:37:06,他行汇入,1001,+925.75,"639,175.68",王煜,6217850500026071393,其他
2026-06-08,13:33:44,他行汇入,1001,+540.00,"639,715.68",王煜,6217850500026071393,其他
2026-06-08,14:29:57,银联入账,1001,"+1,440.00","628,828.93",彭滢润,2088****0156,网上银行
2026-06-08,14:35:59,,,"+2,250.00","631,078.93",天津市北,,
2026-06-08,14:42:35,银联入账,1001,+450.00,"631,528.93",王雨晴,2088****0156,网上银行
2026-06-08,15:39:10,网转,3400,+700.00,"632,228.93",李淑贞,6215583400004643602,手机银行
2026-06-08,21:12:34,他行汇入,1001,"+1,596.00","633,824.93",曹嘉颖,6228480218876959071,其他
2026-06-09,14:03:03,银联入账,,"+2,150.00","641,865.68",刘云仙,2088****0156,网上银行
2026-06-09,14:03:03,转账,1001,+700.00,"642,565.68",张心宇,1012****3071,快捷支付
2026-06-09,14:03:03,银联入账,1001,"+1,984.00","644,549.68",贾惠鑫,2088****0156,网上银行
2026-06-09,14:35:40,报销,1001,"+35,909.36","680,459.04",活期人民,,
2026-06-09,15:40:10,银联入账,1001,+270.00,"680,729.04",高芬,2088****0156,网上银行
2026-06-09,15:54:50,支付宝转账,1001,+600.00,"681,329.04",师毅伟,2088****0156,快捷支付
2026-06-09,17:48:54,网转,0200,"+1,440.00","682,769.04",陈芙,6215580200008604938,手机银行
2026-06-09,18:40:17,支付宝,1001,+600.00,"683,369.04",王琪,2088****0156,快捷支付
2026-06-09,18:40:17,他行汇入,1001,+360.00,"683,729.04",姚雪丽,,
2026-06-10,07:13:07,跨行汇款,1001,"-35,909.36","648,719.68",李逸凡,6214863514949494,手机银行
2026-06-10,08:49:28,银联入账,1001,+770.00,"649,489.68",乔会敏,2088****0156,网上银行
2026-06-10,11:12:34,网转,0302,"+1,470.00","658,580.18",闫玉佩,6212260302034990465,手机银行
2026-06-10,12:44:36,银联入账,1001,"+4,800.00","663,380.18",顾乃全,2088****0156,网上银行
2026-06-10,14:20:49,他行汇入,1001,"+1,250.00","664,630.18",王丹,6214852902572562,其他
2026-06-10,15:14:54,支付宝,1001,+900.00,"650,899.68",活期人民,,
2026-06-10,15:14:54,网转,1202,+900.00,"651,799.68",尤芷萱,6222031202013834162,手机银行
2026-06-10,15:59:21,支付宝转账,1001,+612.50,"665,242.68",戴腾燕,2088****0156,快捷支付
2026-06-10,15:59:21,支付宝,1001,+700.00,"665,942.68",陈艳,2088****0156,快捷支付
2026-06-10,18:00:58,支付宝,,+750.00,"652,549.68",焦阳,2088****0156,快捷支付
2026-06-10,18:00:58,他行汇入,1001,"+2,060.50","654,610.18",刘甜,6214852112024602,其他
2026-06-10,18:59:17,他行汇入,1001,"+1,400.00","656,010.18",尹棋,6214685072201541,其他
2026-06-10,20:48:48,银联入账,1001,"+1,080.00","657,090.18",王迎,2088****0156,网上银行
2026-06-10,22:54:16,银联入账,1001,+900.00,"684,629.04",吴少驰,2088****0156,网上银行
2026-06-11,21:00:16,他行汇入,,+660.00,"666,602.68",刘灿,622908463108782214,其他
2026-06-11,21:00:16,银联入账,1001,"+1,100.00","667,702.68",张鑫,2088****0156,网上银行
2026-06-12,00:16:39,他行汇入,1001,"+1,575.00","669,732.68",骆笑媛,6214833733409828,其他
2026-06-12,23:35:40,银联入账,1001,+455.00,"668,157.68",钟婷,2088****0156,网上银行
